-- phpMyAdmin SQL Dump
-- version 5.2.1
-- https://www.phpmyadmin.net/
--
-- Host: 127.0.0.1
-- Generation Time: Dec 06, 2023 at 03:17 PM
-- Server version: 10.4.28-MariaDB
-- PHP Version: 8.2.4

SET SQL_MODE = "NO_AUTO_VALUE_ON_ZERO";
START TRANSACTION;
SET time_zone = "+00:00";


/*!40101 SET @OLD_CHARACTER_SET_CLIENT=@@CHARACTER_SET_CLIENT */;
/*!40101 SET @OLD_CHARACTER_SET_RESULTS=@@CHARACTER_SET_RESULTS */;
/*!40101 SET @OLD_COLLATION_CONNECTION=@@COLLATION_CONNECTION */;
/*!40101 SET NAMES utf8mb4 */;

--
-- Database: `neon`
--

-- --------------------------------------------------------

--
-- Table structure for table `billdetail`
--

CREATE TABLE `billdetail` (
  `id` bigint(20) NOT NULL,
  `id_product` bigint(20) NOT NULL,
  `id_bills` bigint(20) NOT NULL,
  `quanty` int(11) NOT NULL,
  `total` double NOT NULL
) ENGINE=InnoDB DEFAULT CHARSET=utf8mb4 COLLATE=utf8mb4_general_ci;

--
-- Dumping data for table `billdetail`
--

INSERT INTO `billdetail` (`id`, `id_product`, `id_bills`, `quanty`, `total`) VALUES
(4, 6, 7, 1, 120000),
(5, 8, 7, 1, 200000),
(6, 15, 7, 1, 200000),
(7, 9, 9, 1, 255000),
(8, 15, 9, 1, 200000);

-- --------------------------------------------------------

--
-- Table structure for table `bills`
--

CREATE TABLE `bills` (
  `id` bigint(20) NOT NULL,
  `user` varchar(255) NOT NULL,
  `phone` varchar(255) NOT NULL,
  `display_name` varchar(255) NOT NULL,
  `address` varchar(255) NOT NULL,
  `total` double NOT NULL,
  `quanty` int(10) NOT NULL,
  `note` text NOT NULL
) ENGINE=InnoDB DEFAULT CHARSET=utf8mb4 COLLATE=utf8mb4_general_ci;

--
-- Dumping data for table `bills`
--

INSERT INTO `bills` (`id`, `user`, `phone`, `display_name`, `address`, `total`, `quanty`, `note`) VALUES
(7, 'dai0123plbl@gmail.com', '0947333446', 'Trần Thành Đại', 'address', 0, 0, '123'),
(8, 'dai0123plbl@gmail.com', '0947333446', 'Trần Thành Đại', '123', 0, 0, '3'),
(9, 'dai0123plbl@gmail.com', '0947333446', 'Trần Thành Đại', '1017/34', 0, 0, '123');

-- --------------------------------------------------------

--
-- Table structure for table `category`
--

CREATE TABLE `category` (
  `id` int(11) NOT NULL,
  `name` varchar(255) NOT NULL,
  `description` text DEFAULT NULL
) ENGINE=InnoDB DEFAULT CHARSET=utf8mb4 COLLATE=utf8mb4_general_ci;

--
-- Dumping data for table `category`
--

INSERT INTO `category` (`id`, `name`, `description`) VALUES
(1, 'Áo thun', NULL),
(2, 'Áo nỉ và Hoodie', NULL),
(3, 'Áo len', NULL),
(4, 'Áo polo', NULL),
(5, 'Áo sơ mi casual', NULL),
(6, 'Áo sơ mi công sở', NULL),
(7, 'Đồ mặc trong nhà và Pyjama', NULL),
(8, 'Quần Jeans', NULL),
(9, 'Quần Tây', NULL),
(10, 'Quần Short', ''),
(11, 'Tất cả', NULL);

-- --------------------------------------------------------

--
-- Table structure for table `color`
--

CREATE TABLE `color` (
  `id` int(11) NOT NULL,
  `id_product` bigint(20) NOT NULL,
  `name` varchar(255) NOT NULL,
  `code` varchar(255) NOT NULL,
  `img` varchar(255) NOT NULL
) ENGINE=InnoDB DEFAULT CHARSET=utf8mb4 COLLATE=utf8mb4_general_ci;

--
-- Dumping data for table `color`
--

INSERT INTO `color` (`id`, `id_product`, `name`, `code`, `img`) VALUES
(1, 1, 'Vàng', '#FFFF00', 'product1.jpg'),
(2, 1, 'Xanh', '#FFFF00', 'product1.jpg'),
(3, 2, 'Vàng', '#FFFF00', 'product2.jpg'),
(4, 2, 'Xanh', '#FFFF00', 'product2.jpg'),
(5, 5, 'Vàng', '#FFFF00', 'product5.jpg'),
(6, 6, 'Vàng', '#FFFF00', 'product6.jpg'),
(7, 7, 'Vàng', '#FFFF00', 'product7.jpg'),
(8, 8, 'Vàng', '#FFFF00', 'product8.jpg'),
(9, 9, 'Vàng', '#FFFF00', 'product9.jpg'),
(10, 10, 'Vàng', '#FFFF00', 'product10.jpg'),
(11, 11, 'Vàng', '#FFFF00', 'product11.jpg'),
(12, 3, 'Vàng', '#FFFF00', 'product3.jpg'),
(13, 4, 'Vàng', '#FFFF00', 'product4.jpg'),
(14, 12, 'Vàng', '#FFFF00', 'product12.jpg'),
(15, 15, 'Vàng', '#FFFF00', 'placeholder.jpg'),
(26, 13, 'Trắng', '#FFFF00', 'placeholder.jpg');

-- --------------------------------------------------------

--
-- Table structure for table `product`
--

CREATE TABLE `product` (
  `id` bigint(20) NOT NULL,
  `id_category` int(11) NOT NULL,
  `sizes` varchar(255) NOT NULL,
  `name` varchar(255) NOT NULL,
  `price` double NOT NULL,
  `sale` int(3) NOT NULL,
  `title` varchar(255) NOT NULL,
  `highlight` tinyint(1) NOT NULL,
  `new_product` tinyint(1) NOT NULL,
  `details` longtext NOT NULL,
  `created_at` datetime NOT NULL,
  `updated` datetime NOT NULL
) ENGINE=InnoDB DEFAULT CHARSET=utf8mb4 COLLATE=utf8mb4_general_ci;

--
-- Dumping data for table `product`
--

INSERT INTO `product` (`id`, `id_category`, `sizes`, `name`, `price`, `sale`, `title`, `highlight`, `new_product`, `details`, `created_at`, `updated`) VALUES
(1, 9, 'L,M,S', 'Quần kaki', 250000, 0, 'Giới thiệu Áo T-shirt In Hình Boxer - Phối hợp hoàn hảo giữa phong cách và thoải mái. Họa tiết vui tươi, chất liệu thoáng khí, là lựa chọn lý tưởng cho những người yêu thú cưng. Sự kết hợp giữa nghệ thuật và thời trang, đảm bảo thu hút mọi ánh nhìn.', 1, 0, '<div class=\"tab-pane fade active in\" id=\"home\">\r\n			  <h4>Product Information</h4>\r\n                <table class=\"table table-striped\">\r\n				<tbody>\r\n				<tr class=\"techSpecRow\"><td class=\"techSpecTD1\">Color:</td><td class=\"techSpecTD2\">Black</td></tr>\r\n				<tr class=\"techSpecRow\"><td class=\"techSpecTD1\">Style:</td><td class=\"techSpecTD2\">Apparel,Sports</td></tr>\r\n				<tr class=\"techSpecRow\"><td class=\"techSpecTD1\">Season:</td><td class=\"techSpecTD2\">spring/summer</td></tr>\r\n				<tr class=\"techSpecRow\"><td class=\"techSpecTD1\">Usage:</td><td class=\"techSpecTD2\">fitness</td></tr>\r\n				<tr class=\"techSpecRow\"><td class=\"techSpecTD1\">Sport:</td><td class=\"techSpecTD2\">122855031</td></tr>\r\n				<tr class=\"techSpecRow\"><td class=\"techSpecTD1\">Brand:</td><td class=\"techSpecTD2\">Shock Absorber</td></tr>\r\n				</tbody>\r\n				</table>\r\n				<p>Raw denim you probably haven\'t heard of them jean shorts Austin. Nesciunt tofu stumptown aliqua, retro synth master cleanse. Mustache cliche tempor, williamsburg carles vegan helvetica. Reprehenderit butcher retro keffiyeh dreamcatcher synth. Cosby sweater eu banh mi, qui irure terry richardson ex squid. Aliquip placeat salvia cillum iphone. Seitan aliquip quis cardigan american apparel, butcher voluptate nisi qui.</p>\r\n				<p>Raw denim you probably haven\'\'t heard of them jean shorts Austin. Nesciunt tofu stumptown aliqua, retro synth master cleanse. Mustache cliche tempor, williamsburg carles vegan helvetica. Reprehenderit butcher retro keffiyeh dreamcatcher synth. Cosby sweater eu banh mi, qui irure terry richardson ex squid. Aliquip placeat salvia cillum iphone. Seitan aliquip quis cardigan american apparel, butcher voluptate nisi qui.</p>\r\n				<p>Raw denim you probably haven\'\'t heard of them jean shorts Austin. Nesciunt tofu stumptown aliqua, retro synth master cleanse. Mustache cliche tempor, williamsburg carles vegan helvetica. Reprehenderit butcher retro keffiyeh dreamcatcher synth. Cosby sweater eu banh mi, qui irure terry richardson ex squid. Aliquip placeat salvia cillum iphone. Seitan aliquip quis cardigan american apparel, butcher voluptate nisi qui.</p>\r\n				<p>Raw denim you probably haven\'\'t heard of them jean shorts Austin. Nesciunt tofu stumptown aliqua, retro synth master cleanse. Mustache cliche tempor, williamsburg carles vegan helvetica. Reprehenderit butcher retro keffiyeh dreamcatcher synth. Cosby sweater eu banh mi, qui irure terry richardson ex squid. Aliquip placeat salvia cillum iphone. Seitan aliquip quis cardigan american apparel, butcher voluptate nisi qui.</p>\r\n				<p>Raw denim you probably haven\'\'t heard of them jean shorts Austin. Nesciunt tofu stumptown aliqua, retro synth master cleanse. Mustache cliche tempor, williamsburg carles vegan helvetica. Reprehenderit butcher retro keffiyeh dreamcatcher synth. Cosby sweater eu banh mi, qui irure terry richardson ex squid. Aliquip placeat salvia cillum iphone. Seitan aliquip quis cardigan american apparel, butcher voluptate nisi qui.</p>\r\n				<p>Raw denim you probably haven\'\'t heard of them jean shorts Austin. Nesciunt tofu stumptown aliqua, retro synth master cleanse. Mustache cliche tempor, williamsburg carles vegan helvetica. Reprehenderit butcher retro keffiyeh dreamcatcher synth. Cosby sweater eu banh mi, qui irure terry richardson ex squid. Aliquip placeat salvia cillum iphone. Seitan aliquip quis cardigan american apparel, butcher voluptate nisi qui.</p>\r\n				<p>Raw denim you probably haven\'\'t heard of them jean shorts Austin. Nesciunt tofu stumptown aliqua, retro synth master cleanse. Mustache cliche tempor, williamsburg carles vegan helvetica. Reprehenderit butcher retro keffiyeh dreamcatcher synth. Cosby sweater eu banh mi, qui irure terry richardson ex squid. Aliquip placeat salvia cillum iphone. Seitan aliquip quis cardigan american apparel, butcher voluptate nisi qui.</p>\r\n				<p>Raw denim you probably haven\'\'t heard of them jean shorts Austin. Nesciunt tofu stumptown aliqua, retro synth master cleanse. Mustache cliche tempor, williamsburg carles vegan helvetica. Reprehenderit butcher retro keffiyeh dreamcatcher synth. Cosby sweater eu banh mi, qui irure terry richardson ex squid. Aliquip placeat salvia cillum iphone. Seitan aliquip quis cardigan american apparel, butcher voluptate nisi qui.</p>\r\n\r\n			</div> ', '2020-04-09 11:38:43', '2020-04-09 11:47:31'),
(2, 8, 'L,S,M', 'Quần jeans ', 200000, 0, 'Giới thiệu Áo T-shirt In Hình Boxer - Phối hợp hoàn hảo giữa phong cách và thoải mái. Họa tiết vui tươi, chất liệu thoáng khí, là lựa chọn lý tưởng cho những người yêu thú cưng. Sự kết hợp giữa nghệ thuật và thời trang, đảm bảo thu hút mọi ánh nhìn.', 1, 1, '<div class=\"tab-pane fade active in\" id=\"home\">\r\n			  <h4>Product Information</h4>\r\n                <table class=\"table table-striped\">\r\n				<tbody>\r\n				<tr class=\"techSpecRow\"><td class=\"techSpecTD1\">Color:</td><td class=\"techSpecTD2\">Black</td></tr>\r\n				<tr class=\"techSpecRow\"><td class=\"techSpecTD1\">Style:</td><td class=\"techSpecTD2\">Apparel,Sports</td></tr>\r\n				<tr class=\"techSpecRow\"><td class=\"techSpecTD1\">Season:</td><td class=\"techSpecTD2\">spring/summer</td></tr>\r\n				<tr class=\"techSpecRow\"><td class=\"techSpecTD1\">Usage:</td><td class=\"techSpecTD2\">fitness</td></tr>\r\n				<tr class=\"techSpecRow\"><td class=\"techSpecTD1\">Sport:</td><td class=\"techSpecTD2\">122855031</td></tr>\r\n				<tr class=\"techSpecRow\"><td class=\"techSpecTD1\">Brand:</td><td class=\"techSpecTD2\">Shock Absorber</td></tr>\r\n				</tbody>\r\n				</table>\r\n				<p>Raw denim you probably haven\'t heard of them jean shorts Austin. Nesciunt tofu stumptown aliqua, retro synth master cleanse. Mustache cliche tempor, williamsburg carles vegan helvetica. Reprehenderit butcher retro keffiyeh dreamcatcher synth. Cosby sweater eu banh mi, qui irure terry richardson ex squid. Aliquip placeat salvia cillum iphone. Seitan aliquip quis cardigan american apparel, butcher voluptate nisi qui.</p>\r\n				<p>Raw denim you probably haven\'\'t heard of them jean shorts Austin. Nesciunt tofu stumptown aliqua, retro synth master cleanse. Mustache cliche tempor, williamsburg carles vegan helvetica. Reprehenderit butcher retro keffiyeh dreamcatcher synth. Cosby sweater eu banh mi, qui irure terry richardson ex squid. Aliquip placeat salvia cillum iphone. Seitan aliquip quis cardigan american apparel, butcher voluptate nisi qui.</p>\r\n				<p>Raw denim you probably haven\'\'t heard of them jean shorts Austin. Nesciunt tofu stumptown aliqua, retro synth master cleanse. Mustache cliche tempor, williamsburg carles vegan helvetica. Reprehenderit butcher retro keffiyeh dreamcatcher synth. Cosby sweater eu banh mi, qui irure terry richardson ex squid. Aliquip placeat salvia cillum iphone. Seitan aliquip quis cardigan american apparel, butcher voluptate nisi qui.</p>\r\n				<p>Raw denim you probably haven\'\'t heard of them jean shorts Austin. Nesciunt tofu stumptown aliqua, retro synth master cleanse. Mustache cliche tempor, williamsburg carles vegan helvetica. Reprehenderit butcher retro keffiyeh dreamcatcher synth. Cosby sweater eu banh mi, qui irure terry richardson ex squid. Aliquip placeat salvia cillum iphone. Seitan aliquip quis cardigan american apparel, butcher voluptate nisi qui.</p>\r\n				<p>Raw denim you probably haven\'\'t heard of them jean shorts Austin. Nesciunt tofu stumptown aliqua, retro synth master cleanse. Mustache cliche tempor, williamsburg carles vegan helvetica. Reprehenderit butcher retro keffiyeh dreamcatcher synth. Cosby sweater eu banh mi, qui irure terry richardson ex squid. Aliquip placeat salvia cillum iphone. Seitan aliquip quis cardigan american apparel, butcher voluptate nisi qui.</p>\r\n				<p>Raw denim you probably haven\'\'t heard of them jean shorts Austin. Nesciunt tofu stumptown aliqua, retro synth master cleanse. Mustache cliche tempor, williamsburg carles vegan helvetica. Reprehenderit butcher retro keffiyeh dreamcatcher synth. Cosby sweater eu banh mi, qui irure terry richardson ex squid. Aliquip placeat salvia cillum iphone. Seitan aliquip quis cardigan american apparel, butcher voluptate nisi qui.</p>\r\n				<p>Raw denim you probably haven\'\'t heard of them jean shorts Austin. Nesciunt tofu stumptown aliqua, retro synth master cleanse. Mustache cliche tempor, williamsburg carles vegan helvetica. Reprehenderit butcher retro keffiyeh dreamcatcher synth. Cosby sweater eu banh mi, qui irure terry richardson ex squid. Aliquip placeat salvia cillum iphone. Seitan aliquip quis cardigan american apparel, butcher voluptate nisi qui.</p>\r\n				<p>Raw denim you probably haven\'\'t heard of them jean shorts Austin. Nesciunt tofu stumptown aliqua, retro synth master cleanse. Mustache cliche tempor, williamsburg carles vegan helvetica. Reprehenderit butcher retro keffiyeh dreamcatcher synth. Cosby sweater eu banh mi, qui irure terry richardson ex squid. Aliquip placeat salvia cillum iphone. Seitan aliquip quis cardigan american apparel, butcher voluptate nisi qui.</p>\r\n\r\n			</div> ', '2020-04-09 11:38:43', '2020-04-09 11:38:43'),
(3, 2, 'L,S,M', 'Áo sweater', 200000, 0, 'Giới thiệu Áo T-shirt In Hình Boxer - Phối hợp hoàn hảo giữa phong cách và thoải mái. Họa tiết vui tươi, chất liệu thoáng khí, là lựa chọn lý tưởng cho những người yêu thú cưng. Sự kết hợp giữa nghệ thuật và thời trang, đảm bảo thu hút mọi ánh nhìn.', 1, 0, '<div class=\"tab-pane fade active in\" id=\"home\">\r\n			  <h4>Product Information</h4>\r\n                <table class=\"table table-striped\">\r\n				<tbody>\r\n				<tr class=\"techSpecRow\"><td class=\"techSpecTD1\">Color:</td><td class=\"techSpecTD2\">Black</td></tr>\r\n				<tr class=\"techSpecRow\"><td class=\"techSpecTD1\">Style:</td><td class=\"techSpecTD2\">Apparel,Sports</td></tr>\r\n				<tr class=\"techSpecRow\"><td class=\"techSpecTD1\">Season:</td><td class=\"techSpecTD2\">spring/summer</td></tr>\r\n				<tr class=\"techSpecRow\"><td class=\"techSpecTD1\">Usage:</td><td class=\"techSpecTD2\">fitness</td></tr>\r\n				<tr class=\"techSpecRow\"><td class=\"techSpecTD1\">Sport:</td><td class=\"techSpecTD2\">122855031</td></tr>\r\n				<tr class=\"techSpecRow\"><td class=\"techSpecTD1\">Brand:</td><td class=\"techSpecTD2\">Shock Absorber</td></tr>\r\n				</tbody>\r\n				</table>\r\n				<p>Raw denim you probably haven\'t heard of them jean shorts Austin. Nesciunt tofu stumptown aliqua, retro synth master cleanse. Mustache cliche tempor, williamsburg carles vegan helvetica. Reprehenderit butcher retro keffiyeh dreamcatcher synth. Cosby sweater eu banh mi, qui irure terry richardson ex squid. Aliquip placeat salvia cillum iphone. Seitan aliquip quis cardigan american apparel, butcher voluptate nisi qui.</p>\r\n				<p>Raw denim you probably haven\'\'t heard of them jean shorts Austin. Nesciunt tofu stumptown aliqua, retro synth master cleanse. Mustache cliche tempor, williamsburg carles vegan helvetica. Reprehenderit butcher retro keffiyeh dreamcatcher synth. Cosby sweater eu banh mi, qui irure terry richardson ex squid. Aliquip placeat salvia cillum iphone. Seitan aliquip quis cardigan american apparel, butcher voluptate nisi qui.</p>\r\n				<p>Raw denim you probably haven\'\'t heard of them jean shorts Austin. Nesciunt tofu stumptown aliqua, retro synth master cleanse. Mustache cliche tempor, williamsburg carles vegan helvetica. Reprehenderit butcher retro keffiyeh dreamcatcher synth. Cosby sweater eu banh mi, qui irure terry richardson ex squid. Aliquip placeat salvia cillum iphone. Seitan aliquip quis cardigan american apparel, butcher voluptate nisi qui.</p>\r\n				<p>Raw denim you probably haven\'\'t heard of them jean shorts Austin. Nesciunt tofu stumptown aliqua, retro synth master cleanse. Mustache cliche tempor, williamsburg carles vegan helvetica. Reprehenderit butcher retro keffiyeh dreamcatcher synth. Cosby sweater eu banh mi, qui irure terry richardson ex squid. Aliquip placeat salvia cillum iphone. Seitan aliquip quis cardigan american apparel, butcher voluptate nisi qui.</p>\r\n				<p>Raw denim you probably haven\'\'t heard of them jean shorts Austin. Nesciunt tofu stumptown aliqua, retro synth master cleanse. Mustache cliche tempor, williamsburg carles vegan helvetica. Reprehenderit butcher retro keffiyeh dreamcatcher synth. Cosby sweater eu banh mi, qui irure terry richardson ex squid. Aliquip placeat salvia cillum iphone. Seitan aliquip quis cardigan american apparel, butcher voluptate nisi qui.</p>\r\n				<p>Raw denim you probably haven\'\'t heard of them jean shorts Austin. Nesciunt tofu stumptown aliqua, retro synth master cleanse. Mustache cliche tempor, williamsburg carles vegan helvetica. Reprehenderit butcher retro keffiyeh dreamcatcher synth. Cosby sweater eu banh mi, qui irure terry richardson ex squid. Aliquip placeat salvia cillum iphone. Seitan aliquip quis cardigan american apparel, butcher voluptate nisi qui.</p>\r\n				<p>Raw denim you probably haven\'\'t heard of them jean shorts Austin. Nesciunt tofu stumptown aliqua, retro synth master cleanse. Mustache cliche tempor, williamsburg carles vegan helvetica. Reprehenderit butcher retro keffiyeh dreamcatcher synth. Cosby sweater eu banh mi, qui irure terry richardson ex squid. Aliquip placeat salvia cillum iphone. Seitan aliquip quis cardigan american apparel, butcher voluptate nisi qui.</p>\r\n				<p>Raw denim you probably haven\'\'t heard of them jean shorts Austin. Nesciunt tofu stumptown aliqua, retro synth master cleanse. Mustache cliche tempor, williamsburg carles vegan helvetica. Reprehenderit butcher retro keffiyeh dreamcatcher synth. Cosby sweater eu banh mi, qui irure terry richardson ex squid. Aliquip placeat salvia cillum iphone. Seitan aliquip quis cardigan american apparel, butcher voluptate nisi qui.</p>\r\n\r\n			</div> ', '2020-04-09 11:38:43', '2020-04-09 11:38:43'),
(4, 2, 'L,S,M', 'Áo hoodie', 300000, 0, 'Giới thiệu Áo T-shirt In Hình Boxer - Phối hợp hoàn hảo giữa phong cách và thoải mái. Họa tiết vui tươi, chất liệu thoáng khí, là lựa chọn lý tưởng cho những người yêu thú cưng. Sự kết hợp giữa nghệ thuật và thời trang, đảm bảo thu hút mọi ánh nhìn.', 1, 1, '<div class=\"tab-pane fade active in\" id=\"home\">\r\n			  <h4>Product Information</h4>\r\n                <table class=\"table table-striped\">\r\n				<tbody>\r\n				<tr class=\"techSpecRow\"><td class=\"techSpecTD1\">Color:</td><td class=\"techSpecTD2\">Black</td></tr>\r\n				<tr class=\"techSpecRow\"><td class=\"techSpecTD1\">Style:</td><td class=\"techSpecTD2\">Apparel,Sports</td></tr>\r\n				<tr class=\"techSpecRow\"><td class=\"techSpecTD1\">Season:</td><td class=\"techSpecTD2\">spring/summer</td></tr>\r\n				<tr class=\"techSpecRow\"><td class=\"techSpecTD1\">Usage:</td><td class=\"techSpecTD2\">fitness</td></tr>\r\n				<tr class=\"techSpecRow\"><td class=\"techSpecTD1\">Sport:</td><td class=\"techSpecTD2\">122855031</td></tr>\r\n				<tr class=\"techSpecRow\"><td class=\"techSpecTD1\">Brand:</td><td class=\"techSpecTD2\">Shock Absorber</td></tr>\r\n				</tbody>\r\n				</table>\r\n				<p>Raw denim you probably haven\'t heard of them jean shorts Austin. Nesciunt tofu stumptown aliqua, retro synth master cleanse. Mustache cliche tempor, williamsburg carles vegan helvetica. Reprehenderit butcher retro keffiyeh dreamcatcher synth. Cosby sweater eu banh mi, qui irure terry richardson ex squid. Aliquip placeat salvia cillum iphone. Seitan aliquip quis cardigan american apparel, butcher voluptate nisi qui.</p>\r\n				<p>Raw denim you probably haven\'\'t heard of them jean shorts Austin. Nesciunt tofu stumptown aliqua, retro synth master cleanse. Mustache cliche tempor, williamsburg carles vegan helvetica. Reprehenderit butcher retro keffiyeh dreamcatcher synth. Cosby sweater eu banh mi, qui irure terry richardson ex squid. Aliquip placeat salvia cillum iphone. Seitan aliquip quis cardigan american apparel, butcher voluptate nisi qui.</p>\r\n				<p>Raw denim you probably haven\'\'t heard of them jean shorts Austin. Nesciunt tofu stumptown aliqua, retro synth master cleanse. Mustache cliche tempor, williamsburg carles vegan helvetica. Reprehenderit butcher retro keffiyeh dreamcatcher synth. Cosby sweater eu banh mi, qui irure terry richardson ex squid. Aliquip placeat salvia cillum iphone. Seitan aliquip quis cardigan american apparel, butcher voluptate nisi qui.</p>\r\n				<p>Raw denim you probably haven\'\'t heard of them jean shorts Austin. Nesciunt tofu stumptown aliqua, retro synth master cleanse. Mustache cliche tempor, williamsburg carles vegan helvetica. Reprehenderit butcher retro keffiyeh dreamcatcher synth. Cosby sweater eu banh mi, qui irure terry richardson ex squid. Aliquip placeat salvia cillum iphone. Seitan aliquip quis cardigan american apparel, butcher voluptate nisi qui.</p>\r\n				<p>Raw denim you probably haven\'\'t heard of them jean shorts Austin. Nesciunt tofu stumptown aliqua, retro synth master cleanse. Mustache cliche tempor, williamsburg carles vegan helvetica. Reprehenderit butcher retro keffiyeh dreamcatcher synth. Cosby sweater eu banh mi, qui irure terry richardson ex squid. Aliquip placeat salvia cillum iphone. Seitan aliquip quis cardigan american apparel, butcher voluptate nisi qui.</p>\r\n				<p>Raw denim you probably haven\'\'t heard of them jean shorts Austin. Nesciunt tofu stumptown aliqua, retro synth master cleanse. Mustache cliche tempor, williamsburg carles vegan helvetica. Reprehenderit butcher retro keffiyeh dreamcatcher synth. Cosby sweater eu banh mi, qui irure terry richardson ex squid. Aliquip placeat salvia cillum iphone. Seitan aliquip quis cardigan american apparel, butcher voluptate nisi qui.</p>\r\n				<p>Raw denim you probably haven\'\'t heard of them jean shorts Austin. Nesciunt tofu stumptown aliqua, retro synth master cleanse. Mustache cliche tempor, williamsburg carles vegan helvetica. Reprehenderit butcher retro keffiyeh dreamcatcher synth. Cosby sweater eu banh mi, qui irure terry richardson ex squid. Aliquip placeat salvia cillum iphone. Seitan aliquip quis cardigan american apparel, butcher voluptate nisi qui.</p>\r\n				<p>Raw denim you probably haven\'\'t heard of them jean shorts Austin. Nesciunt tofu stumptown aliqua, retro synth master cleanse. Mustache cliche tempor, williamsburg carles vegan helvetica. Reprehenderit butcher retro keffiyeh dreamcatcher synth. Cosby sweater eu banh mi, qui irure terry richardson ex squid. Aliquip placeat salvia cillum iphone. Seitan aliquip quis cardigan american apparel, butcher voluptate nisi qui.</p>\r\n\r\n			</div> ', '2020-04-09 11:38:43', '2020-04-09 11:38:43'),
(5, 2, 'L,S,M', 'Áo khoác bomber', 200000, 0, 'Giới thiệu Áo T-shirt In Hình Boxer - Phối hợp hoàn hảo giữa phong cách và thoải mái. Họa tiết vui tươi, chất liệu thoáng khí, là lựa chọn lý tưởng cho những người yêu thú cưng. Sự kết hợp giữa nghệ thuật và thời trang, đảm bảo thu hút mọi ánh nhìn.', 1, 0, '<div class=\"tab-pane fade active in\" id=\"home\">\r\n			  <h4>Product Information</h4>\r\n                <table class=\"table table-striped\">\r\n				<tbody>\r\n				<tr class=\"techSpecRow\"><td class=\"techSpecTD1\">Color:</td><td class=\"techSpecTD2\">Black</td></tr>\r\n				<tr class=\"techSpecRow\"><td class=\"techSpecTD1\">Style:</td><td class=\"techSpecTD2\">Apparel,Sports</td></tr>\r\n				<tr class=\"techSpecRow\"><td class=\"techSpecTD1\">Season:</td><td class=\"techSpecTD2\">spring/summer</td></tr>\r\n				<tr class=\"techSpecRow\"><td class=\"techSpecTD1\">Usage:</td><td class=\"techSpecTD2\">fitness</td></tr>\r\n				<tr class=\"techSpecRow\"><td class=\"techSpecTD1\">Sport:</td><td class=\"techSpecTD2\">122855031</td></tr>\r\n				<tr class=\"techSpecRow\"><td class=\"techSpecTD1\">Brand:</td><td class=\"techSpecTD2\">Shock Absorber</td></tr>\r\n				</tbody>\r\n				</table>\r\n				<p>Raw denim you probably haven\'t heard of them jean shorts Austin. Nesciunt tofu stumptown aliqua, retro synth master cleanse. Mustache cliche tempor, williamsburg carles vegan helvetica. Reprehenderit butcher retro keffiyeh dreamcatcher synth. Cosby sweater eu banh mi, qui irure terry richardson ex squid. Aliquip placeat salvia cillum iphone. Seitan aliquip quis cardigan american apparel, butcher voluptate nisi qui.</p>\r\n				<p>Raw denim you probably haven\'\'t heard of them jean shorts Austin. Nesciunt tofu stumptown aliqua, retro synth master cleanse. Mustache cliche tempor, williamsburg carles vegan helvetica. Reprehenderit butcher retro keffiyeh dreamcatcher synth. Cosby sweater eu banh mi, qui irure terry richardson ex squid. Aliquip placeat salvia cillum iphone. Seitan aliquip quis cardigan american apparel, butcher voluptate nisi qui.</p>\r\n				<p>Raw denim you probably haven\'\'t heard of them jean shorts Austin. Nesciunt tofu stumptown aliqua, retro synth master cleanse. Mustache cliche tempor, williamsburg carles vegan helvetica. Reprehenderit butcher retro keffiyeh dreamcatcher synth. Cosby sweater eu banh mi, qui irure terry richardson ex squid. Aliquip placeat salvia cillum iphone. Seitan aliquip quis cardigan american apparel, butcher voluptate nisi qui.</p>\r\n				<p>Raw denim you probably haven\'\'t heard of them jean shorts Austin. Nesciunt tofu stumptown aliqua, retro synth master cleanse. Mustache cliche tempor, williamsburg carles vegan helvetica. Reprehenderit butcher retro keffiyeh dreamcatcher synth. Cosby sweater eu banh mi, qui irure terry richardson ex squid. Aliquip placeat salvia cillum iphone. Seitan aliquip quis cardigan american apparel, butcher voluptate nisi qui.</p>\r\n				<p>Raw denim you probably haven\'\'t heard of them jean shorts Austin. Nesciunt tofu stumptown aliqua, retro synth master cleanse. Mustache cliche tempor, williamsburg carles vegan helvetica. Reprehenderit butcher retro keffiyeh dreamcatcher synth. Cosby sweater eu banh mi, qui irure terry richardson ex squid. Aliquip placeat salvia cillum iphone. Seitan aliquip quis cardigan american apparel, butcher voluptate nisi qui.</p>\r\n				<p>Raw denim you probably haven\'\'t heard of them jean shorts Austin. Nesciunt tofu stumptown aliqua, retro synth master cleanse. Mustache cliche tempor, williamsburg carles vegan helvetica. Reprehenderit butcher retro keffiyeh dreamcatcher synth. Cosby sweater eu banh mi, qui irure terry richardson ex squid. Aliquip placeat salvia cillum iphone. Seitan aliquip quis cardigan american apparel, butcher voluptate nisi qui.</p>\r\n				<p>Raw denim you probably haven\'\'t heard of them jean shorts Austin. Nesciunt tofu stumptown aliqua, retro synth master cleanse. Mustache cliche tempor, williamsburg carles vegan helvetica. Reprehenderit butcher retro keffiyeh dreamcatcher synth. Cosby sweater eu banh mi, qui irure terry richardson ex squid. Aliquip placeat salvia cillum iphone. Seitan aliquip quis cardigan american apparel, butcher voluptate nisi qui.</p>\r\n				<p>Raw denim you probably haven\'\'t heard of them jean shorts Austin. Nesciunt tofu stumptown aliqua, retro synth master cleanse. Mustache cliche tempor, williamsburg carles vegan helvetica. Reprehenderit butcher retro keffiyeh dreamcatcher synth. Cosby sweater eu banh mi, qui irure terry richardson ex squid. Aliquip placeat salvia cillum iphone. Seitan aliquip quis cardigan american apparel, butcher voluptate nisi qui.</p>\r\n\r\n			</div> ', '2020-04-09 11:38:43', '2020-04-09 11:38:43'),
(6, 1, 'L,S,M', 'Áo thun họa tiết', 120000, 0, 'Giới thiệu Áo T-shirt In Hình Boxer - Phối hợp hoàn hảo giữa phong cách và thoải mái. Họa tiết vui tươi, chất liệu thoáng khí, là lựa chọn lý tưởng cho những người yêu thú cưng. Sự kết hợp giữa nghệ thuật và thời trang, đảm bảo thu hút mọi ánh nhìn.', 1, 1, '<div class=\"tab-pane fade active in\" id=\"home\">\r\n			  <h4>Product Information</h4>\r\n                <table class=\"table table-striped\">\r\n				<tbody>\r\n				<tr class=\"techSpecRow\"><td class=\"techSpecTD1\">Color:</td><td class=\"techSpecTD2\">Black</td></tr>\r\n				<tr class=\"techSpecRow\"><td class=\"techSpecTD1\">Style:</td><td class=\"techSpecTD2\">Apparel,Sports</td></tr>\r\n				<tr class=\"techSpecRow\"><td class=\"techSpecTD1\">Season:</td><td class=\"techSpecTD2\">spring/summer</td></tr>\r\n				<tr class=\"techSpecRow\"><td class=\"techSpecTD1\">Usage:</td><td class=\"techSpecTD2\">fitness</td></tr>\r\n				<tr class=\"techSpecRow\"><td class=\"techSpecTD1\">Sport:</td><td class=\"techSpecTD2\">122855031</td></tr>\r\n				<tr class=\"techSpecRow\"><td class=\"techSpecTD1\">Brand:</td><td class=\"techSpecTD2\">Shock Absorber</td></tr>\r\n				</tbody>\r\n				</table>\r\n				<p>Raw denim you probably haven\'t heard of them jean shorts Austin. Nesciunt tofu stumptown aliqua, retro synth master cleanse. Mustache cliche tempor, williamsburg carles vegan helvetica. Reprehenderit butcher retro keffiyeh dreamcatcher synth. Cosby sweater eu banh mi, qui irure terry richardson ex squid. Aliquip placeat salvia cillum iphone. Seitan aliquip quis cardigan american apparel, butcher voluptate nisi qui.</p>\r\n				<p>Raw denim you probably haven\'\'t heard of them jean shorts Austin. Nesciunt tofu stumptown aliqua, retro synth master cleanse. Mustache cliche tempor, williamsburg carles vegan helvetica. Reprehenderit butcher retro keffiyeh dreamcatcher synth. Cosby sweater eu banh mi, qui irure terry richardson ex squid. Aliquip placeat salvia cillum iphone. Seitan aliquip quis cardigan american apparel, butcher voluptate nisi qui.</p>\r\n				<p>Raw denim you probably haven\'\'t heard of them jean shorts Austin. Nesciunt tofu stumptown aliqua, retro synth master cleanse. Mustache cliche tempor, williamsburg carles vegan helvetica. Reprehenderit butcher retro keffiyeh dreamcatcher synth. Cosby sweater eu banh mi, qui irure terry richardson ex squid. Aliquip placeat salvia cillum iphone. Seitan aliquip quis cardigan american apparel, butcher voluptate nisi qui.</p>\r\n				<p>Raw denim you probably haven\'\'t heard of them jean shorts Austin. Nesciunt tofu stumptown aliqua, retro synth master cleanse. Mustache cliche tempor, williamsburg carles vegan helvetica. Reprehenderit butcher retro keffiyeh dreamcatcher synth. Cosby sweater eu banh mi, qui irure terry richardson ex squid. Aliquip placeat salvia cillum iphone. Seitan aliquip quis cardigan american apparel, butcher voluptate nisi qui.</p>\r\n				<p>Raw denim you probably haven\'\'t heard of them jean shorts Austin. Nesciunt tofu stumptown aliqua, retro synth master cleanse. Mustache cliche tempor, williamsburg carles vegan helvetica. Reprehenderit butcher retro keffiyeh dreamcatcher synth. Cosby sweater eu banh mi, qui irure terry richardson ex squid. Aliquip placeat salvia cillum iphone. Seitan aliquip quis cardigan american apparel, butcher voluptate nisi qui.</p>\r\n				<p>Raw denim you probably haven\'\'t heard of them jean shorts Austin. Nesciunt tofu stumptown aliqua, retro synth master cleanse. Mustache cliche tempor, williamsburg carles vegan helvetica. Reprehenderit butcher retro keffiyeh dreamcatcher synth. Cosby sweater eu banh mi, qui irure terry richardson ex squid. Aliquip placeat salvia cillum iphone. Seitan aliquip quis cardigan american apparel, butcher voluptate nisi qui.</p>\r\n				<p>Raw denim you probably haven\'\'t heard of them jean shorts Austin. Nesciunt tofu stumptown aliqua, retro synth master cleanse. Mustache cliche tempor, williamsburg carles vegan helvetica. Reprehenderit butcher retro keffiyeh dreamcatcher synth. Cosby sweater eu banh mi, qui irure terry richardson ex squid. Aliquip placeat salvia cillum iphone. Seitan aliquip quis cardigan american apparel, butcher voluptate nisi qui.</p>\r\n				<p>Raw denim you probably haven\'\'t heard of them jean shorts Austin. Nesciunt tofu stumptown aliqua, retro synth master cleanse. Mustache cliche tempor, williamsburg carles vegan helvetica. Reprehenderit butcher retro keffiyeh dreamcatcher synth. Cosby sweater eu banh mi, qui irure terry richardson ex squid. Aliquip placeat salvia cillum iphone. Seitan aliquip quis cardigan american apparel, butcher voluptate nisi qui.</p>\r\n\r\n			</div> ', '2020-04-09 11:38:43', '2020-04-09 11:38:43'),
(7, 5, 'L,S,M', 'Áo sơ mi họa tiết - casual', 200000, 0, 'Giới thiệu Áo T-shirt In Hình Boxer - Phối hợp hoàn hảo giữa phong cách và thoải mái. Họa tiết vui tươi, chất liệu thoáng khí, là lựa chọn lý tưởng cho những người yêu thú cưng. Sự kết hợp giữa nghệ thuật và thời trang, đảm bảo thu hút mọi ánh nhìn.', 1, 0, '<div class=\"tab-pane fade active in\" id=\"home\">\r\n			  <h4>Product Information</h4>\r\n                <table class=\"table table-striped\">\r\n				<tbody>\r\n				<tr class=\"techSpecRow\"><td class=\"techSpecTD1\">Color:</td><td class=\"techSpecTD2\">Black</td></tr>\r\n				<tr class=\"techSpecRow\"><td class=\"techSpecTD1\">Style:</td><td class=\"techSpecTD2\">Apparel,Sports</td></tr>\r\n				<tr class=\"techSpecRow\"><td class=\"techSpecTD1\">Season:</td><td class=\"techSpecTD2\">spring/summer</td></tr>\r\n				<tr class=\"techSpecRow\"><td class=\"techSpecTD1\">Usage:</td><td class=\"techSpecTD2\">fitness</td></tr>\r\n				<tr class=\"techSpecRow\"><td class=\"techSpecTD1\">Sport:</td><td class=\"techSpecTD2\">122855031</td></tr>\r\n				<tr class=\"techSpecRow\"><td class=\"techSpecTD1\">Brand:</td><td class=\"techSpecTD2\">Shock Absorber</td></tr>\r\n				</tbody>\r\n				</table>\r\n				<p>Raw denim you probably haven\'t heard of them jean shorts Austin. Nesciunt tofu stumptown aliqua, retro synth master cleanse. Mustache cliche tempor, williamsburg carles vegan helvetica. Reprehenderit butcher retro keffiyeh dreamcatcher synth. Cosby sweater eu banh mi, qui irure terry richardson ex squid. Aliquip placeat salvia cillum iphone. Seitan aliquip quis cardigan american apparel, butcher voluptate nisi qui.</p>\r\n				<p>Raw denim you probably haven\'\'t heard of them jean shorts Austin. Nesciunt tofu stumptown aliqua, retro synth master cleanse. Mustache cliche tempor, williamsburg carles vegan helvetica. Reprehenderit butcher retro keffiyeh dreamcatcher synth. Cosby sweater eu banh mi, qui irure terry richardson ex squid. Aliquip placeat salvia cillum iphone. Seitan aliquip quis cardigan american apparel, butcher voluptate nisi qui.</p>\r\n				<p>Raw denim you probably haven\'\'t heard of them jean shorts Austin. Nesciunt tofu stumptown aliqua, retro synth master cleanse. Mustache cliche tempor, williamsburg carles vegan helvetica. Reprehenderit butcher retro keffiyeh dreamcatcher synth. Cosby sweater eu banh mi, qui irure terry richardson ex squid. Aliquip placeat salvia cillum iphone. Seitan aliquip quis cardigan american apparel, butcher voluptate nisi qui.</p>\r\n				<p>Raw denim you probably haven\'\'t heard of them jean shorts Austin. Nesciunt tofu stumptown aliqua, retro synth master cleanse. Mustache cliche tempor, williamsburg carles vegan helvetica. Reprehenderit butcher retro keffiyeh dreamcatcher synth. Cosby sweater eu banh mi, qui irure terry richardson ex squid. Aliquip placeat salvia cillum iphone. Seitan aliquip quis cardigan american apparel, butcher voluptate nisi qui.</p>\r\n				<p>Raw denim you probably haven\'\'t heard of them jean shorts Austin. Nesciunt tofu stumptown aliqua, retro synth master cleanse. Mustache cliche tempor, williamsburg carles vegan helvetica. Reprehenderit butcher retro keffiyeh dreamcatcher synth. Cosby sweater eu banh mi, qui irure terry richardson ex squid. Aliquip placeat salvia cillum iphone. Seitan aliquip quis cardigan american apparel, butcher voluptate nisi qui.</p>\r\n				<p>Raw denim you probably haven\'\'t heard of them jean shorts Austin. Nesciunt tofu stumptown aliqua, retro synth master cleanse. Mustache cliche tempor, williamsburg carles vegan helvetica. Reprehenderit butcher retro keffiyeh dreamcatcher synth. Cosby sweater eu banh mi, qui irure terry richardson ex squid. Aliquip placeat salvia cillum iphone. Seitan aliquip quis cardigan american apparel, butcher voluptate nisi qui.</p>\r\n				<p>Raw denim you probably haven\'\'t heard of them jean shorts Austin. Nesciunt tofu stumptown aliqua, retro synth master cleanse. Mustache cliche tempor, williamsburg carles vegan helvetica. Reprehenderit butcher retro keffiyeh dreamcatcher synth. Cosby sweater eu banh mi, qui irure terry richardson ex squid. Aliquip placeat salvia cillum iphone. Seitan aliquip quis cardigan american apparel, butcher voluptate nisi qui.</p>\r\n				<p>Raw denim you probably haven\'\'t heard of them jean shorts Austin. Nesciunt tofu stumptown aliqua, retro synth master cleanse. Mustache cliche tempor, williamsburg carles vegan helvetica. Reprehenderit butcher retro keffiyeh dreamcatcher synth. Cosby sweater eu banh mi, qui irure terry richardson ex squid. Aliquip placeat salvia cillum iphone. Seitan aliquip quis cardigan american apparel, butcher voluptate nisi qui.</p>\r\n\r\n			</div> ', '2020-04-09 11:38:43', '2020-04-09 11:38:43'),
(8, 4, 'L,S,M', 'Polo cổ cao', 200000, 0, 'Giới thiệu Áo T-shirt In Hình Boxer - Phối hợp hoàn hảo giữa phong cách và thoải mái. Họa tiết vui tươi, chất liệu thoáng khí, là lựa chọn lý tưởng cho những người yêu thú cưng. Sự kết hợp giữa nghệ thuật và thời trang, đảm bảo thu hút mọi ánh nhìn.', 1, 1, '<div class=\"tab-pane fade active in\" id=\"home\">\r\n			  <h4>Product Information</h4>\r\n                <table class=\"table table-striped\">\r\n				<tbody>\r\n				<tr class=\"techSpecRow\"><td class=\"techSpecTD1\">Color:</td><td class=\"techSpecTD2\">Black</td></tr>\r\n				<tr class=\"techSpecRow\"><td class=\"techSpecTD1\">Style:</td><td class=\"techSpecTD2\">Apparel,Sports</td></tr>\r\n				<tr class=\"techSpecRow\"><td class=\"techSpecTD1\">Season:</td><td class=\"techSpecTD2\">spring/summer</td></tr>\r\n				<tr class=\"techSpecRow\"><td class=\"techSpecTD1\">Usage:</td><td class=\"techSpecTD2\">fitness</td></tr>\r\n				<tr class=\"techSpecRow\"><td class=\"techSpecTD1\">Sport:</td><td class=\"techSpecTD2\">122855031</td></tr>\r\n				<tr class=\"techSpecRow\"><td class=\"techSpecTD1\">Brand:</td><td class=\"techSpecTD2\">Shock Absorber</td></tr>\r\n				</tbody>\r\n				</table>\r\n				<p>Raw denim you probably haven\'t heard of them jean shorts Austin. Nesciunt tofu stumptown aliqua, retro synth master cleanse. Mustache cliche tempor, williamsburg carles vegan helvetica. Reprehenderit butcher retro keffiyeh dreamcatcher synth. Cosby sweater eu banh mi, qui irure terry richardson ex squid. Aliquip placeat salvia cillum iphone. Seitan aliquip quis cardigan american apparel, butcher voluptate nisi qui.</p>\r\n				<p>Raw denim you probably haven\'\'t heard of them jean shorts Austin. Nesciunt tofu stumptown aliqua, retro synth master cleanse. Mustache cliche tempor, williamsburg carles vegan helvetica. Reprehenderit butcher retro keffiyeh dreamcatcher synth. Cosby sweater eu banh mi, qui irure terry richardson ex squid. Aliquip placeat salvia cillum iphone. Seitan aliquip quis cardigan american apparel, butcher voluptate nisi qui.</p>\r\n				<p>Raw denim you probably haven\'\'t heard of them jean shorts Austin. Nesciunt tofu stumptown aliqua, retro synth master cleanse. Mustache cliche tempor, williamsburg carles vegan helvetica. Reprehenderit butcher retro keffiyeh dreamcatcher synth. Cosby sweater eu banh mi, qui irure terry richardson ex squid. Aliquip placeat salvia cillum iphone. Seitan aliquip quis cardigan american apparel, butcher voluptate nisi qui.</p>\r\n				<p>Raw denim you probably haven\'\'t heard of them jean shorts Austin. Nesciunt tofu stumptown aliqua, retro synth master cleanse. Mustache cliche tempor, williamsburg carles vegan helvetica. Reprehenderit butcher retro keffiyeh dreamcatcher synth. Cosby sweater eu banh mi, qui irure terry richardson ex squid. Aliquip placeat salvia cillum iphone. Seitan aliquip quis cardigan american apparel, butcher voluptate nisi qui.</p>\r\n				<p>Raw denim you probably haven\'\'t heard of them jean shorts Austin. Nesciunt tofu stumptown aliqua, retro synth master cleanse. Mustache cliche tempor, williamsburg carles vegan helvetica. Reprehenderit butcher retro keffiyeh dreamcatcher synth. Cosby sweater eu banh mi, qui irure terry richardson ex squid. Aliquip placeat salvia cillum iphone. Seitan aliquip quis cardigan american apparel, butcher voluptate nisi qui.</p>\r\n				<p>Raw denim you probably haven\'\'t heard of them jean shorts Austin. Nesciunt tofu stumptown aliqua, retro synth master cleanse. Mustache cliche tempor, williamsburg carles vegan helvetica. Reprehenderit butcher retro keffiyeh dreamcatcher synth. Cosby sweater eu banh mi, qui irure terry richardson ex squid. Aliquip placeat salvia cillum iphone. Seitan aliquip quis cardigan american apparel, butcher voluptate nisi qui.</p>\r\n				<p>Raw denim you probably haven\'\'t heard of them jean shorts Austin. Nesciunt tofu stumptown aliqua, retro synth master cleanse. Mustache cliche tempor, williamsburg carles vegan helvetica. Reprehenderit butcher retro keffiyeh dreamcatcher synth. Cosby sweater eu banh mi, qui irure terry richardson ex squid. Aliquip placeat salvia cillum iphone. Seitan aliquip quis cardigan american apparel, butcher voluptate nisi qui.</p>\r\n				<p>Raw denim you probably haven\'\'t heard of them jean shorts Austin. Nesciunt tofu stumptown aliqua, retro synth master cleanse. Mustache cliche tempor, williamsburg carles vegan helvetica. Reprehenderit butcher retro keffiyeh dreamcatcher synth. Cosby sweater eu banh mi, qui irure terry richardson ex squid. Aliquip placeat salvia cillum iphone. Seitan aliquip quis cardigan american apparel, butcher voluptate nisi qui.</p>\r\n\r\n			</div> ', '2020-04-09 11:38:43', '2020-04-09 11:38:43'),
(9, 2, 'L,S,M', 'Lorem Ipsum hoodie', 255000, 0, 'Giới thiệu Áo T-shirt In Hình Boxer - Phối hợp hoàn hảo giữa phong cách và thoải mái. Họa tiết vui tươi, chất liệu thoáng khí, là lựa chọn lý tưởng cho những người yêu thú cưng. Sự kết hợp giữa nghệ thuật và thời trang, đảm bảo thu hút mọi ánh nhìn.', 1, 0, '<div class=\"tab-pane fade active in\" id=\"home\">\r\n			  <h4>Product Information</h4>\r\n                <table class=\"table table-striped\">\r\n				<tbody>\r\n				<tr class=\"techSpecRow\"><td class=\"techSpecTD1\">Color:</td><td class=\"techSpecTD2\">Black</td></tr>\r\n				<tr class=\"techSpecRow\"><td class=\"techSpecTD1\">Style:</td><td class=\"techSpecTD2\">Apparel,Sports</td></tr>\r\n				<tr class=\"techSpecRow\"><td class=\"techSpecTD1\">Season:</td><td class=\"techSpecTD2\">spring/summer</td></tr>\r\n				<tr class=\"techSpecRow\"><td class=\"techSpecTD1\">Usage:</td><td class=\"techSpecTD2\">fitness</td></tr>\r\n				<tr class=\"techSpecRow\"><td class=\"techSpecTD1\">Sport:</td><td class=\"techSpecTD2\">122855031</td></tr>\r\n				<tr class=\"techSpecRow\"><td class=\"techSpecTD1\">Brand:</td><td class=\"techSpecTD2\">Shock Absorber</td></tr>\r\n				</tbody>\r\n				</table>\r\n				<p>Raw denim you probably haven\'t heard of them jean shorts Austin. Nesciunt tofu stumptown aliqua, retro synth master cleanse. Mustache cliche tempor, williamsburg carles vegan helvetica. Reprehenderit butcher retro keffiyeh dreamcatcher synth. Cosby sweater eu banh mi, qui irure terry richardson ex squid. Aliquip placeat salvia cillum iphone. Seitan aliquip quis cardigan american apparel, butcher voluptate nisi qui.</p>\r\n				<p>Raw denim you probably haven\'\'t heard of them jean shorts Austin. Nesciunt tofu stumptown aliqua, retro synth master cleanse. Mustache cliche tempor, williamsburg carles vegan helvetica. Reprehenderit butcher retro keffiyeh dreamcatcher synth. Cosby sweater eu banh mi, qui irure terry richardson ex squid. Aliquip placeat salvia cillum iphone. Seitan aliquip quis cardigan american apparel, butcher voluptate nisi qui.</p>\r\n				<p>Raw denim you probably haven\'\'t heard of them jean shorts Austin. Nesciunt tofu stumptown aliqua, retro synth master cleanse. Mustache cliche tempor, williamsburg carles vegan helvetica. Reprehenderit butcher retro keffiyeh dreamcatcher synth. Cosby sweater eu banh mi, qui irure terry richardson ex squid. Aliquip placeat salvia cillum iphone. Seitan aliquip quis cardigan american apparel, butcher voluptate nisi qui.</p>\r\n				<p>Raw denim you probably haven\'\'t heard of them jean shorts Austin. Nesciunt tofu stumptown aliqua, retro synth master cleanse. Mustache cliche tempor, williamsburg carles vegan helvetica. Reprehenderit butcher retro keffiyeh dreamcatcher synth. Cosby sweater eu banh mi, qui irure terry richardson ex squid. Aliquip placeat salvia cillum iphone. Seitan aliquip quis cardigan american apparel, butcher voluptate nisi qui.</p>\r\n				<p>Raw denim you probably haven\'\'t heard of them jean shorts Austin. Nesciunt tofu stumptown aliqua, retro synth master cleanse. Mustache cliche tempor, williamsburg carles vegan helvetica. Reprehenderit butcher retro keffiyeh dreamcatcher synth. Cosby sweater eu banh mi, qui irure terry richardson ex squid. Aliquip placeat salvia cillum iphone. Seitan aliquip quis cardigan american apparel, butcher voluptate nisi qui.</p>\r\n				<p>Raw denim you probably haven\'\'t heard of them jean shorts Austin. Nesciunt tofu stumptown aliqua, retro synth master cleanse. Mustache cliche tempor, williamsburg carles vegan helvetica. Reprehenderit butcher retro keffiyeh dreamcatcher synth. Cosby sweater eu banh mi, qui irure terry richardson ex squid. Aliquip placeat salvia cillum iphone. Seitan aliquip quis cardigan american apparel, butcher voluptate nisi qui.</p>\r\n				<p>Raw denim you probably haven\'\'t heard of them jean shorts Austin. Nesciunt tofu stumptown aliqua, retro synth master cleanse. Mustache cliche tempor, williamsburg carles vegan helvetica. Reprehenderit butcher retro keffiyeh dreamcatcher synth. Cosby sweater eu banh mi, qui irure terry richardson ex squid. Aliquip placeat salvia cillum iphone. Seitan aliquip quis cardigan american apparel, butcher voluptate nisi qui.</p>\r\n				<p>Raw denim you probably haven\'\'t heard of them jean shorts Austin. Nesciunt tofu stumptown aliqua, retro synth master cleanse. Mustache cliche tempor, williamsburg carles vegan helvetica. Reprehenderit butcher retro keffiyeh dreamcatcher synth. Cosby sweater eu banh mi, qui irure terry richardson ex squid. Aliquip placeat salvia cillum iphone. Seitan aliquip quis cardigan american apparel, butcher voluptate nisi qui.</p>\r\n\r\n			</div> ', '2020-04-09 11:38:43', '2020-04-09 11:38:43'),
(10, 1, 'L,S,M', 'Boxer Tshirt', 120000, 0, 'Giới thiệu Áo T-shirt In Hình Boxer - Phối hợp hoàn hảo giữa phong cách và thoải mái. Họa tiết vui tươi, chất liệu thoáng khí, là lựa chọn lý tưởng cho những người yêu thú cưng. Sự kết hợp giữa nghệ thuật và thời trang, đảm bảo thu hút mọi ánh nhìn.', 1, 1, '<div class=\"tab-pane fade active in\" id=\"home\">\r\n			  <h4>Product Information</h4>\r\n                <table class=\"table table-striped\">\r\n				<tbody>\r\n				<tr class=\"techSpecRow\"><td class=\"techSpecTD1\">Color:</td><td class=\"techSpecTD2\">Black</td></tr>\r\n				<tr class=\"techSpecRow\"><td class=\"techSpecTD1\">Style:</td><td class=\"techSpecTD2\">Apparel,Sports</td></tr>\r\n				<tr class=\"techSpecRow\"><td class=\"techSpecTD1\">Season:</td><td class=\"techSpecTD2\">spring/summer</td></tr>\r\n				<tr class=\"techSpecRow\"><td class=\"techSpecTD1\">Usage:</td><td class=\"techSpecTD2\">fitness</td></tr>\r\n				<tr class=\"techSpecRow\"><td class=\"techSpecTD1\">Sport:</td><td class=\"techSpecTD2\">122855031</td></tr>\r\n				<tr class=\"techSpecRow\"><td class=\"techSpecTD1\">Brand:</td><td class=\"techSpecTD2\">Shock Absorber</td></tr>\r\n				</tbody>\r\n				</table>\r\n				<p>Raw denim you probably haven\'t heard of them jean shorts Austin. Nesciunt tofu stumptown aliqua, retro synth master cleanse. Mustache cliche tempor, williamsburg carles vegan helvetica. Reprehenderit butcher retro keffiyeh dreamcatcher synth. Cosby sweater eu banh mi, qui irure terry richardson ex squid. Aliquip placeat salvia cillum iphone. Seitan aliquip quis cardigan american apparel, butcher voluptate nisi qui.</p>\r\n				<p>Raw denim you probably haven\'\'t heard of them jean shorts Austin. Nesciunt tofu stumptown aliqua, retro synth master cleanse. Mustache cliche tempor, williamsburg carles vegan helvetica. Reprehenderit butcher retro keffiyeh dreamcatcher synth. Cosby sweater eu banh mi, qui irure terry richardson ex squid. Aliquip placeat salvia cillum iphone. Seitan aliquip quis cardigan american apparel, butcher voluptate nisi qui.</p>\r\n				<p>Raw denim you probably haven\'\'t heard of them jean shorts Austin. Nesciunt tofu stumptown aliqua, retro synth master cleanse. Mustache cliche tempor, williamsburg carles vegan helvetica. Reprehenderit butcher retro keffiyeh dreamcatcher synth. Cosby sweater eu banh mi, qui irure terry richardson ex squid. Aliquip placeat salvia cillum iphone. Seitan aliquip quis cardigan american apparel, butcher voluptate nisi qui.</p>\r\n				<p>Raw denim you probably haven\'\'t heard of them jean shorts Austin. Nesciunt tofu stumptown aliqua, retro synth master cleanse. Mustache cliche tempor, williamsburg carles vegan helvetica. Reprehenderit butcher retro keffiyeh dreamcatcher synth. Cosby sweater eu banh mi, qui irure terry richardson ex squid. Aliquip placeat salvia cillum iphone. Seitan aliquip quis cardigan american apparel, butcher voluptate nisi qui.</p>\r\n				<p>Raw denim you probably haven\'\'t heard of them jean shorts Austin. Nesciunt tofu stumptown aliqua, retro synth master cleanse. Mustache cliche tempor, williamsburg carles vegan helvetica. Reprehenderit butcher retro keffiyeh dreamcatcher synth. Cosby sweater eu banh mi, qui irure terry richardson ex squid. Aliquip placeat salvia cillum iphone. Seitan aliquip quis cardigan american apparel, butcher voluptate nisi qui.</p>\r\n				<p>Raw denim you probably haven\'\'t heard of them jean shorts Austin. Nesciunt tofu stumptown aliqua, retro synth master cleanse. Mustache cliche tempor, williamsburg carles vegan helvetica. Reprehenderit butcher retro keffiyeh dreamcatcher synth. Cosby sweater eu banh mi, qui irure terry richardson ex squid. Aliquip placeat salvia cillum iphone. Seitan aliquip quis cardigan american apparel, butcher voluptate nisi qui.</p>\r\n				<p>Raw denim you probably haven\'\'t heard of them jean shorts Austin. Nesciunt tofu stumptown aliqua, retro synth master cleanse. Mustache cliche tempor, williamsburg carles vegan helvetica. Reprehenderit butcher retro keffiyeh dreamcatcher synth. Cosby sweater eu banh mi, qui irure terry richardson ex squid. Aliquip placeat salvia cillum iphone. Seitan aliquip quis cardigan american apparel, butcher voluptate nisi qui.</p>\r\n				<p>Raw denim you probably haven\'\'t heard of them jean shorts Austin. Nesciunt tofu stumptown aliqua, retro synth master cleanse. Mustache cliche tempor, williamsburg carles vegan helvetica. Reprehenderit butcher retro keffiyeh dreamcatcher synth. Cosby sweater eu banh mi, qui irure terry richardson ex squid. Aliquip placeat salvia cillum iphone. Seitan aliquip quis cardigan american apparel, butcher voluptate nisi qui.</p>\r\n\r\n			</div> ', '2020-04-09 11:38:43', '2020-04-09 11:38:43');
INSERT INTO `product` (`id`, `id_category`, `sizes`, `name`, `price`, `sale`, `title`, `highlight`, `new_product`, `details`, `created_at`, `updated`) VALUES
(11, 1, 'L,S,M', 'Valentino Tshirt', 300000, 0, 'Giới thiệu Áo T-shirt In Hình Boxer - Phối hợp hoàn hảo giữa phong cách và thoải mái. Họa tiết vui tươi, chất liệu thoáng khí, là lựa chọn lý tưởng cho những người yêu thú cưng. Sự kết hợp giữa nghệ thuật và thời trang, đảm bảo thu hút mọi ánh nhìn.', 1, 0, '<div class=\"tab-pane fade active in\" id=\"home\">\r\n			  <h4>Product Information</h4>\r\n                <table class=\"table table-striped\">\r\n				<tbody>\r\n				<tr class=\"techSpecRow\"><td class=\"techSpecTD1\">Color:</td><td class=\"techSpecTD2\">Black</td></tr>\r\n				<tr class=\"techSpecRow\"><td class=\"techSpecTD1\">Style:</td><td class=\"techSpecTD2\">Apparel,Sports</td></tr>\r\n				<tr class=\"techSpecRow\"><td class=\"techSpecTD1\">Season:</td><td class=\"techSpecTD2\">spring/summer</td></tr>\r\n				<tr class=\"techSpecRow\"><td class=\"techSpecTD1\">Usage:</td><td class=\"techSpecTD2\">fitness</td></tr>\r\n				<tr class=\"techSpecRow\"><td class=\"techSpecTD1\">Sport:</td><td class=\"techSpecTD2\">122855031</td></tr>\r\n				<tr class=\"techSpecRow\"><td class=\"techSpecTD1\">Brand:</td><td class=\"techSpecTD2\">Shock Absorber</td></tr>\r\n				</tbody>\r\n				</table>\r\n				<p>Raw denim you probably haven\'t heard of them jean shorts Austin. Nesciunt tofu stumptown aliqua, retro synth master cleanse. Mustache cliche tempor, williamsburg carles vegan helvetica. Reprehenderit butcher retro keffiyeh dreamcatcher synth. Cosby sweater eu banh mi, qui irure terry richardson ex squid. Aliquip placeat salvia cillum iphone. Seitan aliquip quis cardigan american apparel, butcher voluptate nisi qui.</p>\r\n				<p>Raw denim you probably haven\'\'t heard of them jean shorts Austin. Nesciunt tofu stumptown aliqua, retro synth master cleanse. Mustache cliche tempor, williamsburg carles vegan helvetica. Reprehenderit butcher retro keffiyeh dreamcatcher synth. Cosby sweater eu banh mi, qui irure terry richardson ex squid. Aliquip placeat salvia cillum iphone. Seitan aliquip quis cardigan american apparel, butcher voluptate nisi qui.</p>\r\n				<p>Raw denim you probably haven\'\'t heard of them jean shorts Austin. Nesciunt tofu stumptown aliqua, retro synth master cleanse. Mustache cliche tempor, williamsburg carles vegan helvetica. Reprehenderit butcher retro keffiyeh dreamcatcher synth. Cosby sweater eu banh mi, qui irure terry richardson ex squid. Aliquip placeat salvia cillum iphone. Seitan aliquip quis cardigan american apparel, butcher voluptate nisi qui.</p>\r\n				<p>Raw denim you probably haven\'\'t heard of them jean shorts Austin. Nesciunt tofu stumptown aliqua, retro synth master cleanse. Mustache cliche tempor, williamsburg carles vegan helvetica. Reprehenderit butcher retro keffiyeh dreamcatcher synth. Cosby sweater eu banh mi, qui irure terry richardson ex squid. Aliquip placeat salvia cillum iphone. Seitan aliquip quis cardigan american apparel, butcher voluptate nisi qui.</p>\r\n				<p>Raw denim you probably haven\'\'t heard of them jean shorts Austin. Nesciunt tofu stumptown aliqua, retro synth master cleanse. Mustache cliche tempor, williamsburg carles vegan helvetica. Reprehenderit butcher retro keffiyeh dreamcatcher synth. Cosby sweater eu banh mi, qui irure terry richardson ex squid. Aliquip placeat salvia cillum iphone. Seitan aliquip quis cardigan american apparel, butcher voluptate nisi qui.</p>\r\n				<p>Raw denim you probably haven\'\'t heard of them jean shorts Austin. Nesciunt tofu stumptown aliqua, retro synth master cleanse. Mustache cliche tempor, williamsburg carles vegan helvetica. Reprehenderit butcher retro keffiyeh dreamcatcher synth. Cosby sweater eu banh mi, qui irure terry richardson ex squid. Aliquip placeat salvia cillum iphone. Seitan aliquip quis cardigan american apparel, butcher voluptate nisi qui.</p>\r\n				<p>Raw denim you probably haven\'\'t heard of them jean shorts Austin. Nesciunt tofu stumptown aliqua, retro synth master cleanse. Mustache cliche tempor, williamsburg carles vegan helvetica. Reprehenderit butcher retro keffiyeh dreamcatcher synth. Cosby sweater eu banh mi, qui irure terry richardson ex squid. Aliquip placeat salvia cillum iphone. Seitan aliquip quis cardigan american apparel, butcher voluptate nisi qui.</p>\r\n				<p>Raw denim you probably haven\'\'t heard of them jean shorts Austin. Nesciunt tofu stumptown aliqua, retro synth master cleanse. Mustache cliche tempor, williamsburg carles vegan helvetica. Reprehenderit butcher retro keffiyeh dreamcatcher synth. Cosby sweater eu banh mi, qui irure terry richardson ex squid. Aliquip placeat salvia cillum iphone. Seitan aliquip quis cardigan american apparel, butcher voluptate nisi qui.</p>\r\n\r\n			</div> ', '2020-04-09 11:38:43', '2020-04-09 11:38:43'),
(12, 1, 'L,S,M', 'Longsleaves Tshirt', 200000, 0, 'Giới thiệu Áo T-shirt In Hình Boxer - Phối hợp hoàn hảo giữa phong cách và thoải mái. Họa tiết vui tươi, chất liệu thoáng khí, là lựa chọn lý tưởng cho những người yêu thú cưng. Sự kết hợp giữa nghệ thuật và thời trang, đảm bảo thu hút mọi ánh nhìn.', 1, 1, '<div class=\"tab-pane fade active in\" id=\"home\">\r\n			  <h4>Product Information</h4>\r\n                <table class=\"table table-striped\">\r\n				<tbody>\r\n				<tr class=\"techSpecRow\"><td class=\"techSpecTD1\">Color:</td><td class=\"techSpecTD2\">Black</td></tr>\r\n				<tr class=\"techSpecRow\"><td class=\"techSpecTD1\">Style:</td><td class=\"techSpecTD2\">Apparel,Sports</td></tr>\r\n				<tr class=\"techSpecRow\"><td class=\"techSpecTD1\">Season:</td><td class=\"techSpecTD2\">spring/summer</td></tr>\r\n				<tr class=\"techSpecRow\"><td class=\"techSpecTD1\">Usage:</td><td class=\"techSpecTD2\">fitness</td></tr>\r\n				<tr class=\"techSpecRow\"><td class=\"techSpecTD1\">Sport:</td><td class=\"techSpecTD2\">122855031</td></tr>\r\n				<tr class=\"techSpecRow\"><td class=\"techSpecTD1\">Brand:</td><td class=\"techSpecTD2\">Shock Absorber</td></tr>\r\n				</tbody>\r\n				</table>\r\n				<p>Raw denim you probably haven\'t heard of them jean shorts Austin. Nesciunt tofu stumptown aliqua, retro synth master cleanse. Mustache cliche tempor, williamsburg carles vegan helvetica. Reprehenderit butcher retro keffiyeh dreamcatcher synth. Cosby sweater eu banh mi, qui irure terry richardson ex squid. Aliquip placeat salvia cillum iphone. Seitan aliquip quis cardigan american apparel, butcher voluptate nisi qui.</p>\r\n				<p>Raw denim you probably haven\'\'t heard of them jean shorts Austin. Nesciunt tofu stumptown aliqua, retro synth master cleanse. Mustache cliche tempor, williamsburg carles vegan helvetica. Reprehenderit butcher retro keffiyeh dreamcatcher synth. Cosby sweater eu banh mi, qui irure terry richardson ex squid. Aliquip placeat salvia cillum iphone. Seitan aliquip quis cardigan american apparel, butcher voluptate nisi qui.</p>\r\n				<p>Raw denim you probably haven\'\'t heard of them jean shorts Austin. Nesciunt tofu stumptown aliqua, retro synth master cleanse. Mustache cliche tempor, williamsburg carles vegan helvetica. Reprehenderit butcher retro keffiyeh dreamcatcher synth. Cosby sweater eu banh mi, qui irure terry richardson ex squid. Aliquip placeat salvia cillum iphone. Seitan aliquip quis cardigan american apparel, butcher voluptate nisi qui.</p>\r\n				<p>Raw denim you probably haven\'\'t heard of them jean shorts Austin. Nesciunt tofu stumptown aliqua, retro synth master cleanse. Mustache cliche tempor, williamsburg carles vegan helvetica. Reprehenderit butcher retro keffiyeh dreamcatcher synth. Cosby sweater eu banh mi, qui irure terry richardson ex squid. Aliquip placeat salvia cillum iphone. Seitan aliquip quis cardigan american apparel, butcher voluptate nisi qui.</p>\r\n				<p>Raw denim you probably haven\'\'t heard of them jean shorts Austin. Nesciunt tofu stumptown aliqua, retro synth master cleanse. Mustache cliche tempor, williamsburg carles vegan helvetica. Reprehenderit butcher retro keffiyeh dreamcatcher synth. Cosby sweater eu banh mi, qui irure terry richardson ex squid. Aliquip placeat salvia cillum iphone. Seitan aliquip quis cardigan american apparel, butcher voluptate nisi qui.</p>\r\n				<p>Raw denim you probably haven\'\'t heard of them jean shorts Austin. Nesciunt tofu stumptown aliqua, retro synth master cleanse. Mustache cliche tempor, williamsburg carles vegan helvetica. Reprehenderit butcher retro keffiyeh dreamcatcher synth. Cosby sweater eu banh mi, qui irure terry richardson ex squid. Aliquip placeat salvia cillum iphone. Seitan aliquip quis cardigan american apparel, butcher voluptate nisi qui.</p>\r\n				<p>Raw denim you probably haven\'\'t heard of them jean shorts Austin. Nesciunt tofu stumptown aliqua, retro synth master cleanse. Mustache cliche tempor, williamsburg carles vegan helvetica. Reprehenderit butcher retro keffiyeh dreamcatcher synth. Cosby sweater eu banh mi, qui irure terry richardson ex squid. Aliquip placeat salvia cillum iphone. Seitan aliquip quis cardigan american apparel, butcher voluptate nisi qui.</p>\r\n				<p>Raw denim you probably haven\'\'t heard of them jean shorts Austin. Nesciunt tofu stumptown aliqua, retro synth master cleanse. Mustache cliche tempor, williamsburg carles vegan helvetica. Reprehenderit butcher retro keffiyeh dreamcatcher synth. Cosby sweater eu banh mi, qui irure terry richardson ex squid. Aliquip placeat salvia cillum iphone. Seitan aliquip quis cardigan american apparel, butcher voluptate nisi qui.</p>\r\n\r\n			</div> ', '2020-04-09 11:38:43', '2020-04-09 11:38:43'),
(13, 3, 'L,S,M', 'Áo len mùa đông', 200000, 0, 'Giới thiệu Áo T-shirt In Hình Boxer - Phối hợp hoàn hảo giữa phong cách và thoải mái. Họa tiết vui tươi, chất liệu thoáng khí, là lựa chọn lý tưởng cho những người yêu thú cưng. Sự kết hợp giữa nghệ thuật và thời trang, đảm bảo thu hút mọi ánh nhìn.', 1, 0, '<div class=\"tab-pane fade active in\" id=\"home\">\r\n			  <h4>Product Information</h4>\r\n                <table class=\"table table-striped\">\r\n				<tbody>\r\n				<tr class=\"techSpecRow\"><td class=\"techSpecTD1\">Color:</td><td class=\"techSpecTD2\">Black</td></tr>\r\n				<tr class=\"techSpecRow\"><td class=\"techSpecTD1\">Style:</td><td class=\"techSpecTD2\">Apparel,Sports</td></tr>\r\n				<tr class=\"techSpecRow\"><td class=\"techSpecTD1\">Season:</td><td class=\"techSpecTD2\">spring/summer</td></tr>\r\n				<tr class=\"techSpecRow\"><td class=\"techSpecTD1\">Usage:</td><td class=\"techSpecTD2\">fitness</td></tr>\r\n				<tr class=\"techSpecRow\"><td class=\"techSpecTD1\">Sport:</td><td class=\"techSpecTD2\">122855031</td></tr>\r\n				<tr class=\"techSpecRow\"><td class=\"techSpecTD1\">Brand:</td><td class=\"techSpecTD2\">Shock Absorber</td></tr>\r\n				</tbody>\r\n				</table>\r\n				<p>Raw denim you probably haven\'t heard of them jean shorts Austin. Nesciunt tofu stumptown aliqua, retro synth master cleanse. Mustache cliche tempor, williamsburg carles vegan helvetica. Reprehenderit butcher retro keffiyeh dreamcatcher synth. Cosby sweater eu banh mi, qui irure terry richardson ex squid. Aliquip placeat salvia cillum iphone. Seitan aliquip quis cardigan american apparel, butcher voluptate nisi qui.</p>\r\n				<p>Raw denim you probably haven\'\'t heard of them jean shorts Austin. Nesciunt tofu stumptown aliqua, retro synth master cleanse. Mustache cliche tempor, williamsburg carles vegan helvetica. Reprehenderit butcher retro keffiyeh dreamcatcher synth. Cosby sweater eu banh mi, qui irure terry richardson ex squid. Aliquip placeat salvia cillum iphone. Seitan aliquip quis cardigan american apparel, butcher voluptate nisi qui.</p>\r\n				<p>Raw denim you probably haven\'\'t heard of them jean shorts Austin. Nesciunt tofu stumptown aliqua, retro synth master cleanse. Mustache cliche tempor, williamsburg carles vegan helvetica. Reprehenderit butcher retro keffiyeh dreamcatcher synth. Cosby sweater eu banh mi, qui irure terry richardson ex squid. Aliquip placeat salvia cillum iphone. Seitan aliquip quis cardigan american apparel, butcher voluptate nisi qui.</p>\r\n				<p>Raw denim you probably haven\'\'t heard of them jean shorts Austin. Nesciunt tofu stumptown aliqua, retro synth master cleanse. Mustache cliche tempor, williamsburg carles vegan helvetica. Reprehenderit butcher retro keffiyeh dreamcatcher synth. Cosby sweater eu banh mi, qui irure terry richardson ex squid. Aliquip placeat salvia cillum iphone. Seitan aliquip quis cardigan american apparel, butcher voluptate nisi qui.</p>\r\n				<p>Raw denim you probably haven\'\'t heard of them jean shorts Austin. Nesciunt tofu stumptown aliqua, retro synth master cleanse. Mustache cliche tempor, williamsburg carles vegan helvetica. Reprehenderit butcher retro keffiyeh dreamcatcher synth. Cosby sweater eu banh mi, qui irure terry richardson ex squid. Aliquip placeat salvia cillum iphone. Seitan aliquip quis cardigan american apparel, butcher voluptate nisi qui.</p>\r\n				<p>Raw denim you probably haven\'\'t heard of them jean shorts Austin. Nesciunt tofu stumptown aliqua, retro synth master cleanse. Mustache cliche tempor, williamsburg carles vegan helvetica. Reprehenderit butcher retro keffiyeh dreamcatcher synth. Cosby sweater eu banh mi, qui irure terry richardson ex squid. Aliquip placeat salvia cillum iphone. Seitan aliquip quis cardigan american apparel, butcher voluptate nisi qui.</p>\r\n				<p>Raw denim you probably haven\'\'t heard of them jean shorts Austin. Nesciunt tofu stumptown aliqua, retro synth master cleanse. Mustache cliche tempor, williamsburg carles vegan helvetica. Reprehenderit butcher retro keffiyeh dreamcatcher synth. Cosby sweater eu banh mi, qui irure terry richardson ex squid. Aliquip placeat salvia cillum iphone. Seitan aliquip quis cardigan american apparel, butcher voluptate nisi qui.</p>\r\n				<p>Raw denim you probably haven\'\'t heard of them jean shorts Austin. Nesciunt tofu stumptown aliqua, retro synth master cleanse. Mustache cliche tempor, williamsburg carles vegan helvetica. Reprehenderit butcher retro keffiyeh dreamcatcher synth. Cosby sweater eu banh mi, qui irure terry richardson ex squid. Aliquip placeat salvia cillum iphone. Seitan aliquip quis cardigan american apparel, butcher voluptate nisi qui.</p>\r\n\r\n			</div> ', '2020-04-09 11:38:43', '2020-04-09 11:38:43'),
(14, 6, 'L,S,M', 'Áo sơ mi công sở', 200000, 0, 'Giới thiệu Áo T-shirt In Hình Boxer - Phối hợp hoàn hảo giữa phong cách và thoải mái. Họa tiết vui tươi, chất liệu thoáng khí, là lựa chọn lý tưởng cho những người yêu thú cưng. Sự kết hợp giữa nghệ thuật và thời trang, đảm bảo thu hút mọi ánh nhìn.', 1, 1, '<div class=\"tab-pane fade active in\" id=\"home\">\r\n			  <h4>Product Information</h4>\r\n                <table class=\"table table-striped\">\r\n				<tbody>\r\n				<tr class=\"techSpecRow\"><td class=\"techSpecTD1\">Color:</td><td class=\"techSpecTD2\">Black</td></tr>\r\n				<tr class=\"techSpecRow\"><td class=\"techSpecTD1\">Style:</td><td class=\"techSpecTD2\">Apparel,Sports</td></tr>\r\n				<tr class=\"techSpecRow\"><td class=\"techSpecTD1\">Season:</td><td class=\"techSpecTD2\">spring/summer</td></tr>\r\n				<tr class=\"techSpecRow\"><td class=\"techSpecTD1\">Usage:</td><td class=\"techSpecTD2\">fitness</td></tr>\r\n				<tr class=\"techSpecRow\"><td class=\"techSpecTD1\">Sport:</td><td class=\"techSpecTD2\">122855031</td></tr>\r\n				<tr class=\"techSpecRow\"><td class=\"techSpecTD1\">Brand:</td><td class=\"techSpecTD2\">Shock Absorber</td></tr>\r\n				</tbody>\r\n				</table>\r\n				<p>Raw denim you probably haven\'t heard of them jean shorts Austin. Nesciunt tofu stumptown aliqua, retro synth master cleanse. Mustache cliche tempor, williamsburg carles vegan helvetica. Reprehenderit butcher retro keffiyeh dreamcatcher synth. Cosby sweater eu banh mi, qui irure terry richardson ex squid. Aliquip placeat salvia cillum iphone. Seitan aliquip quis cardigan american apparel, butcher voluptate nisi qui.</p>\r\n				<p>Raw denim you probably haven\'\'t heard of them jean shorts Austin. Nesciunt tofu stumptown aliqua, retro synth master cleanse. Mustache cliche tempor, williamsburg carles vegan helvetica. Reprehenderit butcher retro keffiyeh dreamcatcher synth. Cosby sweater eu banh mi, qui irure terry richardson ex squid. Aliquip placeat salvia cillum iphone. Seitan aliquip quis cardigan american apparel, butcher voluptate nisi qui.</p>\r\n				<p>Raw denim you probably haven\'\'t heard of them jean shorts Austin. Nesciunt tofu stumptown aliqua, retro synth master cleanse. Mustache cliche tempor, williamsburg carles vegan helvetica. Reprehenderit butcher retro keffiyeh dreamcatcher synth. Cosby sweater eu banh mi, qui irure terry richardson ex squid. Aliquip placeat salvia cillum iphone. Seitan aliquip quis cardigan american apparel, butcher voluptate nisi qui.</p>\r\n				<p>Raw denim you probably haven\'\'t heard of them jean shorts Austin. Nesciunt tofu stumptown aliqua, retro synth master cleanse. Mustache cliche tempor, williamsburg carles vegan helvetica. Reprehenderit butcher retro keffiyeh dreamcatcher synth. Cosby sweater eu banh mi, qui irure terry richardson ex squid. Aliquip placeat salvia cillum iphone. Seitan aliquip quis cardigan american apparel, butcher voluptate nisi qui.</p>\r\n				<p>Raw denim you probably haven\'\'t heard of them jean shorts Austin. Nesciunt tofu stumptown aliqua, retro synth master cleanse. Mustache cliche tempor, williamsburg carles vegan helvetica. Reprehenderit butcher retro keffiyeh dreamcatcher synth. Cosby sweater eu banh mi, qui irure terry richardson ex squid. Aliquip placeat salvia cillum iphone. Seitan aliquip quis cardigan american apparel, butcher voluptate nisi qui.</p>\r\n				<p>Raw denim you probably haven\'\'t heard of them jean shorts Austin. Nesciunt tofu stumptown aliqua, retro synth master cleanse. Mustache cliche tempor, williamsburg carles vegan helvetica. Reprehenderit butcher retro keffiyeh dreamcatcher synth. Cosby sweater eu banh mi, qui irure terry richardson ex squid. Aliquip placeat salvia cillum iphone. Seitan aliquip quis cardigan american apparel, butcher voluptate nisi qui.</p>\r\n				<p>Raw denim you probably haven\'\'t heard of them jean shorts Austin. Nesciunt tofu stumptown aliqua, retro synth master cleanse. Mustache cliche tempor, williamsburg carles vegan helvetica. Reprehenderit butcher retro keffiyeh dreamcatcher synth. Cosby sweater eu banh mi, qui irure terry richardson ex squid. Aliquip placeat salvia cillum iphone. Seitan aliquip quis cardigan american apparel, butcher voluptate nisi qui.</p>\r\n				<p>Raw denim you probably haven\'\'t heard of them jean shorts Austin. Nesciunt tofu stumptown aliqua, retro synth master cleanse. Mustache cliche tempor, williamsburg carles vegan helvetica. Reprehenderit butcher retro keffiyeh dreamcatcher synth. Cosby sweater eu banh mi, qui irure terry richardson ex squid. Aliquip placeat salvia cillum iphone. Seitan aliquip quis cardigan american apparel, butcher voluptate nisi qui.</p>\r\n\r\n			</div> ', '2020-04-09 11:38:43', '2020-04-09 11:38:43'),
(15, 1, 'L,S,M', 'Name', 200000, 0, 'Giới thiệu Áo T-shirt In Hình Boxer - Phối hợp hoàn hảo giữa phong cách và thoải mái. Họa tiết vui tươi, chất liệu thoáng khí, là lựa chọn lý tưởng cho những người yêu thú cưng. Sự kết hợp giữa nghệ thuật và thời trang, đảm bảo thu hút mọi ánh nhìn.', 1, 0, '<div class=\"tab-pane fade active in\" id=\"home\">\r\n			  <h4>Product Information</h4>\r\n                <table class=\"table table-striped\">\r\n				<tbody>\r\n				<tr class=\"techSpecRow\"><td class=\"techSpecTD1\">Color:</td><td class=\"techSpecTD2\">Black</td></tr>\r\n				<tr class=\"techSpecRow\"><td class=\"techSpecTD1\">Style:</td><td class=\"techSpecTD2\">Apparel,Sports</td></tr>\r\n				<tr class=\"techSpecRow\"><td class=\"techSpecTD1\">Season:</td><td class=\"techSpecTD2\">spring/summer</td></tr>\r\n				<tr class=\"techSpecRow\"><td class=\"techSpecTD1\">Usage:</td><td class=\"techSpecTD2\">fitness</td></tr>\r\n				<tr class=\"techSpecRow\"><td class=\"techSpecTD1\">Sport:</td><td class=\"techSpecTD2\">122855031</td></tr>\r\n				<tr class=\"techSpecRow\"><td class=\"techSpecTD1\">Brand:</td><td class=\"techSpecTD2\">Shock Absorber</td></tr>\r\n				</tbody>\r\n				</table>\r\n				<p>Raw denim you probably haven\'t heard of them jean shorts Austin. Nesciunt tofu stumptown aliqua, retro synth master cleanse. Mustache cliche tempor, williamsburg carles vegan helvetica. Reprehenderit butcher retro keffiyeh dreamcatcher synth. Cosby sweater eu banh mi, qui irure terry richardson ex squid. Aliquip placeat salvia cillum iphone. Seitan aliquip quis cardigan american apparel, butcher voluptate nisi qui.</p>\r\n				<p>Raw denim you probably haven\'\'t heard of them jean shorts Austin. Nesciunt tofu stumptown aliqua, retro synth master cleanse. Mustache cliche tempor, williamsburg carles vegan helvetica. Reprehenderit butcher retro keffiyeh dreamcatcher synth. Cosby sweater eu banh mi, qui irure terry richardson ex squid. Aliquip placeat salvia cillum iphone. Seitan aliquip quis cardigan american apparel, butcher voluptate nisi qui.</p>\r\n				<p>Raw denim you probably haven\'\'t heard of them jean shorts Austin. Nesciunt tofu stumptown aliqua, retro synth master cleanse. Mustache cliche tempor, williamsburg carles vegan helvetica. Reprehenderit butcher retro keffiyeh dreamcatcher synth. Cosby sweater eu banh mi, qui irure terry richardson ex squid. Aliquip placeat salvia cillum iphone. Seitan aliquip quis cardigan american apparel, butcher voluptate nisi qui.</p>\r\n				<p>Raw denim you probably haven\'\'t heard of them jean shorts Austin. Nesciunt tofu stumptown aliqua, retro synth master cleanse. Mustache cliche tempor, williamsburg carles vegan helvetica. Reprehenderit butcher retro keffiyeh dreamcatcher synth. Cosby sweater eu banh mi, qui irure terry richardson ex squid. Aliquip placeat salvia cillum iphone. Seitan aliquip quis cardigan american apparel, butcher voluptate nisi qui.</p>\r\n				<p>Raw denim you probably haven\'\'t heard of them jean shorts Austin. Nesciunt tofu stumptown aliqua, retro synth master cleanse. Mustache cliche tempor, williamsburg carles vegan helvetica. Reprehenderit butcher retro keffiyeh dreamcatcher synth. Cosby sweater eu banh mi, qui irure terry richardson ex squid. Aliquip placeat salvia cillum iphone. Seitan aliquip quis cardigan american apparel, butcher voluptate nisi qui.</p>\r\n				<p>Raw denim you probably haven\'\'t heard of them jean shorts Austin. Nesciunt tofu stumptown aliqua, retro synth master cleanse. Mustache cliche tempor, williamsburg carles vegan helvetica. Reprehenderit butcher retro keffiyeh dreamcatcher synth. Cosby sweater eu banh mi, qui irure terry richardson ex squid. Aliquip placeat salvia cillum iphone. Seitan aliquip quis cardigan american apparel, butcher voluptate nisi qui.</p>\r\n				<p>Raw denim you probably haven\'\'t heard of them jean shorts Austin. Nesciunt tofu stumptown aliqua, retro synth master cleanse. Mustache cliche tempor, williamsburg carles vegan helvetica. Reprehenderit butcher retro keffiyeh dreamcatcher synth. Cosby sweater eu banh mi, qui irure terry richardson ex squid. Aliquip placeat salvia cillum iphone. Seitan aliquip quis cardigan american apparel, butcher voluptate nisi qui.</p>\r\n				<p>Raw denim you probably haven\'\'t heard of them jean shorts Austin. Nesciunt tofu stumptown aliqua, retro synth master cleanse. Mustache cliche tempor, williamsburg carles vegan helvetica. Reprehenderit butcher retro keffiyeh dreamcatcher synth. Cosby sweater eu banh mi, qui irure terry richardson ex squid. Aliquip placeat salvia cillum iphone. Seitan aliquip quis cardigan american apparel, butcher voluptate nisi qui.</p>\r\n\r\n			</div> ', '2020-04-09 11:38:43', '2020-04-09 11:38:43');

-- --------------------------------------------------------

--
-- Table structure for table `slides`
--

CREATE TABLE `slides` (
  `id` int(11) NOT NULL,
  `img` varchar(255) NOT NULL,
  `caption` varchar(255) NOT NULL,
  `content` varchar(255) NOT NULL
) ENGINE=InnoDB DEFAULT CHARSET=utf8mb4 COLLATE=utf8mb4_general_ci;

--
-- Dumping data for table `slides`
--

INSERT INTO `slides` (`id`, `img`, `caption`, `content`) VALUES
(1, 'slide1.jpg', 'Shop thời trang thanh lịch.', 'Không gian shopping rộng rãi, thỏa sức chọn lựa.'),
(2, 'slide2.jpg', 'For everyone, for every-when', 'Mẫu nào cũng có, mọi size, mọi style'),
(3, 'slide3.jpg', 'Formal wear, Street wear, Comfy wear', 'All occasion, one destination'),
(4, 'slide4.jpg', 'For boys, for girls, for everyone', 'We are all equal here');

-- --------------------------------------------------------

--
-- Table structure for table `users`
--

CREATE TABLE `users` (
  `id` bigint(11) NOT NULL,
  `user` varchar(100) NOT NULL,
  `password` varchar(255) NOT NULL,
  `display_name` varchar(150) NOT NULL,
  `address` text DEFAULT NULL
) ENGINE=InnoDB DEFAULT CHARSET=utf8mb4 COLLATE=utf8mb4_general_ci;

--
-- Dumping data for table `users`
--

INSERT INTO `users` (`id`, `user`, `password`, `display_name`, `address`) VALUES
(5, 'dai0123plbl@gmail.com', '$2a$12$ToKZCPb3lN5cvi0RI.TxnuRtvtQEs6c5i3P7D9N0qa3lPJNZZepwy', 'Trần Thành Đại', '');

--
-- Indexes for dumped tables
--

--
-- Indexes for table `billdetail`
--
ALTER TABLE `billdetail`
  ADD PRIMARY KEY (`id`),
  ADD KEY `ID_PRODUCT` (`id_product`),
  ADD KEY `ID_BILLS` (`id_bills`);

--
-- Indexes for table `bills`
--
ALTER TABLE `bills`
  ADD PRIMARY KEY (`id`);

--
-- Indexes for table `category`
--
ALTER TABLE `category`
  ADD PRIMARY KEY (`id`);

--
-- Indexes for table `color`
--
ALTER TABLE `color`
  ADD PRIMARY KEY (`id`),
  ADD KEY `id_product` (`id_product`);

--
-- Indexes for table `product`
--
ALTER TABLE `product`
  ADD PRIMARY KEY (`id`),
  ADD KEY `id_category` (`id_category`);

--
-- Indexes for table `slides`
--
ALTER TABLE `slides`
  ADD PRIMARY KEY (`id`);

--
-- Indexes for table `users`
--
ALTER TABLE `users`
  ADD PRIMARY KEY (`id`);

--
-- AUTO_INCREMENT for dumped tables
--

--
-- AUTO_INCREMENT for table `billdetail`
--
ALTER TABLE `billdetail`
  MODIFY `id` bigint(20) NOT NULL AUTO_INCREMENT, AUTO_INCREMENT=9;

--
-- AUTO_INCREMENT for table `bills`
--
ALTER TABLE `bills`
  MODIFY `id` bigint(20) NOT NULL AUTO_INCREMENT, AUTO_INCREMENT=10;

--
-- AUTO_INCREMENT for table `category`
--
ALTER TABLE `category`
  MODIFY `id` int(11) NOT NULL AUTO_INCREMENT, AUTO_INCREMENT=12;

--
-- AUTO_INCREMENT for table `color`
--
ALTER TABLE `color`
  MODIFY `id` int(11) NOT NULL AUTO_INCREMENT, AUTO_INCREMENT=27;

--
-- AUTO_INCREMENT for table `product`
--
ALTER TABLE `product`
  MODIFY `id` bigint(20) NOT NULL AUTO_INCREMENT, AUTO_INCREMENT=29;

--
-- AUTO_INCREMENT for table `slides`
--
ALTER TABLE `slides`
  MODIFY `id` int(11) NOT NULL AUTO_INCREMENT, AUTO_INCREMENT=5;

--
-- AUTO_INCREMENT for table `users`
--
ALTER TABLE `users`
  MODIFY `id` bigint(11) NOT NULL AUTO_INCREMENT, AUTO_INCREMENT=6;

--
-- Constraints for dumped tables
--

--
-- Constraints for table `billdetail`
--
ALTER TABLE `billdetail`
  ADD CONSTRAINT `ID_BILLS` FOREIGN KEY (`id_bills`) REFERENCES `bills` (`id`),
  ADD CONSTRAINT `ID_PRODUCT` FOREIGN KEY (`id_product`) REFERENCES `product` (`id`);

--
-- Constraints for table `color`
--
ALTER TABLE `color`
  ADD CONSTRAINT `color_ibfk_1` FOREIGN KEY (`id_product`) REFERENCES `product` (`id`) ON DELETE CASCADE ON UPDATE CASCADE;

--
-- Constraints for table `product`
--
ALTER TABLE `product`
  ADD CONSTRAINT `product_ibfk_1` FOREIGN KEY (`id_category`) REFERENCES `category` (`id`) ON DELETE CASCADE ON UPDATE CASCADE;
COMMIT;

/*!40101 SET CHARACTER_SET_CLIENT=@OLD_CHARACTER_SET_CLIENT */;
/*!40101 SET CHARACTER_SET_RESULTS=@OLD_CHARACTER_SET_RESULTS */;
/*!40101 SET COLLATION_CONNECTION=@OLD_COLLATION_CONNECTION */;
